	word	count
0	cause	187
2	owner	345
4	apparently	157
5	street	1551
7	community	680
8	generally	427
9	accepted	75
11	paint	120
12	nature	110
13	comprehensive	22
15	walked	239
16	entire	572
17	route	910
18	bumped	24
23	sadly	76
25	empty	202
26	handed	28
27	recommend	266
29	anyone	432
31	looking	915
33	murray	208
34	seems	1067
36	municipal	131
38	resort	34
39	support	331
41	change	1168
44	pushing	90
45	option	752
46	upgrade	84
49	authority	127
50	actually	1768
52	secret	52
53	obama	26
54	military	52
55	mission	78
57	abandoned	71
58	enact	24
63	child	144
64	something	906
67	delivery	234
68	window	475
69	prime	97
70	member	291
71	additional	297
73	month	1594
75	order	380
78	thats	2128
80	glorious	34
83	intersection	534
84	campus	129
85	found	810
87	watching	106
88	library	145
89	computer	122
92	faculty	29
93	personally	400
94	wanted	458
95	clarity	26
97	basically	632
98	legal	370
101	public	1564
106	location	614
107	arent	701
108	obligated	31
109	agreed	139
111	choose	126
113	happen	539
115	venue	60
116	downtown	1525
117	whole	770
120	gotten	288
121	completely	416
123	cannabis	72
124	google	458
125	cached	133
126	version	331
127	agree	314
128	metropolitan	84
129	great	1899
131	behind	478
132	werent	109
135	first	1828
136	american	64
138	stanley	29
140	anything	168
143	saying	188
145	worked	665
146	newspaper	34
147	awesome	525
150	reason	711
153	vehicle	878
155	either	681
157	terminal	122
158	banned	51
159	andor	236
161	depending	226
166	sweet	162
168	theyre	1641
171	photo	247
172	perspective	109
179	sunset	109
180	picture	493
181	three	775
182	biking	103
184	around	2507
185	bellevue	452
186	direct	194
190	affect	25
191	winter	465
193	trail	427
194	friendly	252
197	scary	126
199	heading	124
201	totally	352
203	always	1469
204	little	992
206	coming	444
207	final	145
208	destination	94
209	really	2678
212	pretty	2529
213	questionable	47
214	narrow	74
215	actual	274
217	point	482
218	happens	296
219	leave	600
221	trust	77
222	driver	1668
224	expecting	47
225	speed	343
226	higher	568
227	since	1080
229	light	1717
231	traffic	2222
233	riding	162
235	enough	1005
236	problem	1061
237	typically	155
239	dollar	358
242	condition	329
249	railing	28
250	arena	147
252	least	1391
255	state	2405
256	comparison	107
259	education	173
260	spent	284
261	majority	304
265	issue	926
266	younger	150
268	older	277
271	everyone	865
272	doesnt	741
275	decade	348
276	there	2055
278	aside	124
279	family	786
280	special	112
282	could	2184
284	compared	223
291	business	626
292	profit	55
294	eagle	30
296	mistake	147
297	couldnt	305
298	known	277
300	level	690
306	increasing	199
307	drink	262
309	fully	79
311	fails	30
312	apply	92
313	applying	22
314	toward	139
315	instead	532
317	silver	28
319	purse	54
324	equipped	33
325	right	1823
326	putting	153
330	inventory	45
331	sunrise	26
332	effect	238
333	expand	44
335	legislature	263
336	currently	479
338	highest	139
339	court	410
340	hence	40
341	session	52
342	initiative	361
344	eyman	138
347	ballot	220
349	assured	29
350	awful	128
352	conservative	39
353	money	1351
354	designed	168
357	stick	152
358	unpaid	31
359	effectively	62
361	portion	196
362	salary	306
364	account	169
365	summer	613
366	still	2212
367	check	746
371	source	383
372	heard	464
373	everett	296
374	school	995
375	district	778
377	busted	32
379	longer	359
380	remove	116
381	imagine	383
382	trouble	149
383	brake	61
386	thinking	160
389	patch	69
390	replaced	94
395	piece	184
396	simple	60
398	quick	194
399	taking	512
400	wheel	265
401	discover	44
404	inside	410
407	remaining	74
409	clean	255
410	housing	1561
411	fixing	87
412	severely	50
413	thought	784
414	speculation	21
417	realized	35
418	probably	1596
419	politics	174
420	nothing	199
421	common	170
422	didnt	921
423	contact	369
425	genuine	28
431	picnic	24
432	county	987
433	record	336
434	explicitly	76
436	property	1114
437	extends	28
438	paved	21
440	letter	209
441	water	789
442	bought	313
443	place	2825
446	suggesting	33
447	permanent	94
448	structure	171
449	gravel	25
450	front	636
452	break	215
455	damage	202
458	drawn	40
459	everything	370
460	showing	50
462	might	1428
463	flood	29
464	department	452
465	recognize	49
466	technically	121
469	covering	39
471	mcdonalds	48
472	wrapper	21
473	truck	475
474	space	1039
476	match	103
478	potentially	65
480	strip	78
481	original	193
482	chance	316
484	private	446
486	enforce	98
487	someone	1057
488	getting	1142
489	towed	77
492	supposed	207
495	plenty	370
496	officer	374
497	small	921
500	share	300
502	group	544
503	never	1447
504	simply	221
505	worker	250
506	absolutely	294
508	positive	214
509	wonderful	94
511	bigger	193
513	shitty	146
514	especially	664
515	national	185
516	scale	146
517	acting	25
519	whether	437
522	larger	182
523	course	507
526	another	683
527	aware	171
528	present	102
529	police	535
530	government	86
531	citizen	63
533	university	302
534	trying	699
535	organize	29
536	interest	309
537	allow	437
538	decide	205
539	article	1340
542	bottom	164
543	easily	275
546	without	1066
547	obvious	88
548	similarly	46
550	standing	169
551	toilet	79
552	avoid	214
554	adjacent	81
555	balcony	21
557	manufacturer	59
558	agent	88
559	orange	99
562	vietnam	25
564	limit	401
565	imposed	28
567	highly	160
568	doubt	85
569	contamination	21
570	encouraged	42
571	unsafe	122
574	amount	505
577	company	1852
578	exists	38
579	today	645
580	different	785
581	entity	60
585	purchased	55
586	various	203
588	including	479
590	later	618
594	retaining	25
597	producing	30
598	second	540
599	compelled	25
600	produce	119
603	applied	75
604	along	707
607	component	64
609	ignored	60
610	information	373
612	concern	97
614	general	507
615	particular	227
616	raised	216
617	publicly	89
619	early	450
621	official	158
623	major	627
625	substance	73
626	franchise	47
628	finished	91
629	master	71
630	program	574
634	value	430
635	benefit	465
636	figure	210
637	ridiculous	205
638	mortgage	131
639	dental	30
640	whenever	123
641	minimum	356
644	speak	121
646	suddenly	134
647	asking	68
648	raise	253
649	slower	84
652	consumer	110
653	price	1187
657	control	288
660	local	1430
661	service	1922
663	model	80
664	sector	47
665	spend	349
666	creation	30
667	judge	119
669	income	769
671	client	123
672	economy	267
673	comfortably	33
674	afford	160
675	neighborhood	1264
676	obviously	162
677	affordable	329
678	happened	514
679	parking	1549
680	house	2003
681	drove	166
682	everyday	108
684	elderly	37
685	neighbor	409
686	reported	165
687	living	910
688	keeping	169
689	blanket	22
691	emergency	187
692	sleeping	24
693	collection	106
694	shared	103
695	credit	312
696	cheapest	61
697	tunnel	765
698	lightrail	52
699	airport	332
701	heavily	155
702	skewed	30
703	towards	81
705	answering	22
706	phone	590
711	minute	1248
712	enormous	38
713	yellow	233
714	visible	97
715	billboard	28
717	stole	41
719	problematic	48
721	earning	22
722	worth	568
723	build	809
724	prospect	43
725	talent	99
726	exchange	94
727	spending	238
730	rather	455
732	person	85
733	honest	82
735	decision	241
736	shelter	298
737	predictable	43
739	resource	140
740	honestly	285
742	employment	68
743	blame	84
744	exactly	362
746	driveway	137
747	except	324
749	hydrant	21
751	surround	26
752	shell	116
755	caught	247
756	tacoma	269
760	start	811
765	design	346
766	ceiling	54
769	argument	25
772	whats	162
773	become	258
774	fairly	240
776	somewhat	148
779	personal	54
785	needle	255
787	express	157
789	onramp	46
791	addict	93
793	operation	133
794	unique	114
795	language	67
796	requiring	101
799	warrant	70
803	enforcement	313
804	explain	32
805	detail	195
806	unfamiliar	39
809	international	214
810	mobile	109
814	device	47
815	tracking	61
816	essentially	144
817	tower	162
818	target	106
819	provider	109
821	considered	143
823	using	589
825	specifically	295
827	running	515
829	california	207
831	accommodate	50
832	better	1341
833	sanitation	27
838	health	335
841	leaving	252
842	broken	184
843	glass	247
844	planting	28
845	dumping	64
846	trash	214
847	particularly	200
848	breed	31
851	contract	242
854	wrong	113
855	maintenance	270
859	appealing	48
861	nobody	233
862	asked	397
863	chill	20
864	drive	934
866	stopped	127
867	focused	78
868	important	294
870	future	347
875	informative	32
877	infrastructure	440
878	maybe	134
879	style	147
880	video	315
881	favorite	372
882	parent	186
883	necessary	109
884	grass	46
890	increase	719
891	lowest	100
892	arrest	30
893	medium	260
894	coverage	76
895	political	259
896	store	835
901	donate	112
902	charity	49
904	organization	187
905	signed	104
906	invested	45
907	large	813
908	project	823
910	tried	356
913	story	605
916	clear	468
918	literally	98
919	committed	57
921	assuming	83
922	parked	249
923	situation	545
924	described	104
925	mentioned	211
926	correct	211
927	based	178
928	channel	28
929	widespread	25
930	website	195
931	fixed	166
933	likely	792
934	monitoring	58
936	ground	267
937	bertha	275
939	cyclist	314
940	bridge	963
942	daily	201
943	slowdown	34
944	pissed	116
946	gonna	194
947	complain	152
948	possibly	152
949	fined	33
950	middle	428
951	section	385
953	already	904
954	negative	48
956	motorist	69
958	caused	68
959	rider	85
960	represent	59
962	bedroom	239
963	studio	107
965	impossible	162
967	goddamn	89
968	contacting	42
969	japanese	60
972	center	956
973	washington	1177
977	drilling	44
978	arctic	49
985	yelling	157
986	philly	48
987	worst	213
989	morning	687
992	becomes	139
993	lease	237
995	roommate	145
996	amazon	564
997	building	1880
998	every	2035
999	mercer	318
1003	extremely	171
1004	consistent	40
1006	content	52
1008	market	1189
1009	medical	236
1010	crowd	101
1011	spread	113
1012	rumor	46
1013	product	246
1014	passed	266
1018	complaining	31
1021	producer	39
1022	protection	56
1024	coast	289
1026	confirm	189
1028	friendship	40
1029	elsewhere	121
1030	accident	109
1031	insurance	374
1033	assault	78
1036	outer	28
1037	fresh	162
1041	adding	194
1042	title	206
1043	moving	843
1046	hiking	153
1047	camping	145
1048	ticket	530
1050	however	451
1055	beneficial	23
1057	moderate	101
1063	frequently	111
1066	removing	95
1067	visibility	75
1069	failed	115
1070	successfully	37
1072	bundle	23
1073	havent	301
1075	advice	73
1078	whose	46
1080	feeling	48
1082	sound	997
1083	cousin	28
1085	dealing	165
1088	description	101
1089	available	457
1090	searching	42
1091	suspect	295
1092	included	135
1094	interested	274
1095	single	630
1096	example	567
1098	ruled	40
1099	whatever	95
1101	placement	26
1103	confused	110
1105	guide	44
1108	starbucks	156
1110	friend	1482
1111	posted	49
1113	central	255
1114	walking	458
1115	chain	104
1118	normally	116
1122	called	590
1125	accurate	109
1128	wearing	144
1131	appear	68
1133	closer	183
1135	carrying	104
1136	considering	195
1137	involved	330
1139	email	393
1141	remedy	20
1142	extend	45
1143	membership	82
1144	request	204
1145	working	763
1146	class	249
1148	production	92
1150	boeing	315
1152	factory	47
1154	dependent	73
1155	honor	30
1156	pride	44
1157	culture	101
1158	skilled	34
1159	engineer	305
1160	programmer	24
1161	requires	217
1162	perhaps	118
1163	training	108
1164	average	537
1167	power	317
1168	politician	117
1169	certainly	300
1170	spends	42
1171	council	499
1176	somewhere	391
1177	college	196
1178	depends	149
1179	width	39
1181	happy	252
1185	corporation	54
1186	powerful	35
1187	weekend	467
1188	useattle_pd	57
1189	offer	601
1190	guidance	20
1191	reporting	174
1192	making	746
1194	evidence	23
1197	hospital	248
1198	windshield	39
1201	steal	90
1203	seafood	52
1205	sushi	37
1207	upstairs	29
1208	cheaper	386
1210	fancy	66
1211	downstairs	27
1212	though	1418
1213	short	328
1214	expensive	676
1217	couple	923
1218	tasty	60
1219	experience	670
1220	limited	240
1221	north	959
1231	anymore	140
1234	chinook	25
1238	usually	750
1241	oddly	45
1242	specific	253
1243	author	141
1245	china	89
1247	phenomenon	35
1248	night	974
1255	begin	157
1258	implementing	25
1259	procedure	32
1260	accountability	82
1261	following	170
1264	leader	58
1265	critic	24
1266	position	305
1267	voter	375
1271	wonder	123
1272	anarchy	35
1273	consider	281
1274	truly	35
1275	third	299
1284	hunting	74
1285	treatment	144
1286	professional	22
1287	middleclass	26
1288	anarchist	92
1290	annual	121
1291	display	72
1293	reporter	101
1295	sandwich	141
1297	paying	477
1300	brain	74
1303	waiting	444
1306	within	602
1307	bubble	123
1308	lining	27
1309	directly	295
1312	sometime	76
1313	rarely	170
1314	exception	121
1315	disabled	40
1316	flannel	35
1317	attempt	135
1318	prepared	62
1320	presence	22
1321	austin	52
1322	similar	665
1323	worse	585
1325	growing	304
1326	faster	344
1327	handle	103
1330	started	546
1331	blocking	151
1332	generate	33
1333	financial	107
1334	stability	58
1335	retirement	91
1337	tracked	28
1341	voted	110
1343	received	96
1344	donation	99
1346	fewer	165
1347	total	228
1348	party	592
1350	message	130
1351	listed	93
1354	receiving	42
1356	donated	42
1357	immediately	277
1359	familiar	57
1361	touching	29
1362	throwing	70
1366	surprised	212
1367	clock	75
1371	crime	311
1373	capitol	653
1376	several	628
1377	hitting	101
1379	footage	136
1381	broadway	199
1386	dirty	81
1387	cheap	390
1389	beyond	133
1395	thriving	35
1396	easier	274
1399	action	31
1400	youll	658
1403	favor	180
1404	mayor	248
1405	fargo	27
1406	valuable	100
1407	maintaining	28
1408	character	72
1409	require	190
1410	period	246
1411	material	83
1413	prohibit	31
1415	improve	176
1416	energy	126
1417	efficiency	49
1418	heating	30
1420	popular	133
1421	prior	163
1424	restriction	162
1425	priority	189
1426	managing	50
1428	enforcing	25
1429	aspect	107
1432	merging	81
1433	distracted	62
1434	driving	920
1435	failure	117
1436	yield	114
1437	signal	271
1438	usage	58
1440	highway	434
1442	transportation	548
1443	florida	106
1444	survive	60
1445	anywhere	422
1446	excited	109
1448	strategy	81
1449	claim	184
1450	cover	192
1451	cargo	30
1452	vessel	58
1453	score	73
1454	million	421
1457	february	100
1458	excellent	129
1461	supply	418
1462	classroom	47
1464	pocket	115
1465	angeles	95
1466	moved	756
1467	thousand	142
1469	wouldnt	266
1470	paseo	45
1471	unless	378
1472	marina	58
1473	disappear	34
1474	useful	100
1475	regardless	200
1476	stopping	118
1477	despite	226
1478	primary	226
1479	tourist	266
1480	piroshky	21
1483	forget	316
1484	finish	86
1485	chocolate	69
1491	coffee	255
1493	deposit	196
1495	moment	173
1498	slowly	147
1501	together	285
1502	wasnt	276
1504	slippery	37
1507	becoming	64
1512	board	323
1516	thank	178
1517	granted	110
1518	linked	49
1519	campaign	141
1521	pulled	159
1522	smaller	234
1525	fundraiser	25
1526	former	183
1530	overpass	59
1531	spokane	108
1533	pacific	150
1535	gasworks	50
1536	almost	952
1537	georgetown	95
1540	watch	158
1541	chalk	24
1546	physical	34
1547	ability	163
1551	beneath	25
1554	packing	24
1555	montana	36
1556	increased	322
1557	number	1134
1559	resulted	33
1560	turned	305
1561	generation	54
1563	failing	39
1564	social	46
1565	security	335
1566	system	1312
1571	stevens	66
1572	supreme	75
1573	given	460
1574	outside	643
1575	sense	365
1576	reasonable	422
1577	expectation	127
1578	privacy	66
1579	pronto	87
1580	sidewalk	249
1581	giant	137
1582	drill	50
1585	underneath	49
1586	waterfront	187
1587	massive	198
1589	alaska	245
1590	quite	498
1591	smashed	29
1592	interesting	367
1593	willingness	24
1595	constitution	22
1597	childrens	78
1598	explained	27
1600	difficult	243
1601	shenanigan	27
1602	march	50
1607	chinese	86
1608	development	322
1611	mention	357
1613	dispensary	36
1614	opened	201
1615	recently	382
1619	basic	156
1620	license	360
1622	marijuana	177
1623	patient	146
1624	closed	249
1626	legislation	34
1627	compete	105
1631	prefer	141
1633	young	61
1635	espresso	41
1636	machine	190
1637	proud	68
1639	amtrak	40
1641	sized	78
1642	report	665
1644	thrown	42
1646	multiple	277
1648	zillow	32
1649	buying	224
1650	renting	104
1654	cigar	20
1655	assaulting	20
1656	viaduct	329
1661	bicycle	159
1663	letting	100
1664	billion	80
1667	mexico	35
1672	apartment	1168
1677	spring	164
1678	suggested	51
1680	leroys	21
1683	opening	276
1684	trial	46
1685	thursday	125
1686	stayed	40
1687	advance	71
1691	region	334
1693	fighting	67
1694	rampant	22
1695	treat	72
1696	platform	122
1699	distance	268
1703	safely	64
1704	solution	387
1705	safer	163
1706	siren	41
1707	legally	134
1708	allowed	33
1709	shoulder	59
1710	transport	100
1712	equipment	150
1713	transported	23
1714	knowledge	65
1721	among	167
1725	principle	61
1729	often	965
1730	environment	104
1734	filtering	21
1735	software	166
1737	patron	52
1739	homeless	376
1741	occasionally	103
1742	starting	209
1743	involves	43
1744	estate	257
1748	stance	48
1753	basketball	33
1756	garden	142
1757	urban	333
1758	definitely	764
1759	dropped	109
1761	reached	81
1763	mental	200
1764	occurred	43
1767	innovative	26
1768	lowincome	61
1770	behalf	36
1771	greater	132
1772	economic	104
1773	policy	510
1774	opposite	135
1775	democratic	127
1777	elect	27
1778	representative	137
1779	serve	136
1781	successful	90
1782	history	88
1783	exercise	21
1784	individual	198
1786	looked	342
1792	kenmore	40
1796	straight	124
1800	climate	63
1801	scientist	40
1806	lucky	250
1810	marked	81
1811	zipcar	39
1812	exact	157
1813	creating	94
1814	image	209
1815	surprise	86
1818	expected	173
1819	intentional	27
1821	relative	138
1828	purpose	159
1829	possible	382
1831	stuck	282
1833	snail	22
1835	dealer	118
1836	insanely	32
1837	supposedly	31
1839	convince	44
1840	horse	55
1841	method	59
1842	altogether	45
1843	ineffective	21
1844	feeding	25
1846	foster	37
1847	understanding	71
1850	difference	217
1851	painting	35
1852	artistic	25
1853	recording	31
1858	legitimate	48
1859	authentic	58
1860	restaurant	329
1861	recommendation	96
1863	corridor	134
1865	frequent	56
1866	transit	2298
1868	risky	32
1871	station	902
1873	panic	26
1876	incredibly	137
1877	graffiti	38
1879	philadelphia	48
1880	study	262
1881	hearing	128
1882	process	537
1883	environmental	82
1886	brewing	62
1891	legitimately	61
1893	choice	127
1894	genuinely	86
1895	cheeseburger	21
1896	abandon	34
1897	saturday	237
1898	sticker	137
1900	stand	68
1901	sight	90
1902	queen	282
1905	thankfully	45
1906	instruction	20
1909	anyway	245
1910	subaru	39
1911	coworker	79
1912	extent	49
1913	injury	77
1915	stable	39
1916	visiting	42
1917	doctor	72
1918	reminds	66
1921	installed	88
1923	magnuson	25
1925	russian	70
1926	resident	483
1928	balance	184
1929	oyster	38
1930	industry	382
1931	overall	269
1935	terrifying	51
1936	green	456
1937	jackson	68
1938	track	417
1939	weather	441
1942	honking	24
1944	incentive	97
1945	saving	275
1946	occur	68
1947	sleep	150
1948	finally	353
1951	kinda	103
1952	dozen	158
1953	nowhere	82
1954	nearby	241
1955	uniform	37
1956	freeway	314
1957	convention	114
1958	nearest	39
1959	heaven	68
1961	surroundings	21
1962	minimize	26
1963	collision	131
1966	missing	136
1967	create	187
1969	wildlife	29
1973	reduction	76
1974	happening	127
1976	nervous	32
1978	forward	239
1981	smoke	128
1982	firework	31
1984	smell	233
1985	monitor	57
1989	understand	134
1994	permanently	65
1997	solely	29
1998	operating	133
1999	certain	277
2002	plane	168
2004	purple	127
2008	cedar	39
2010	duwamish	42
2012	technology	175
2014	lesser	57
2018	playing	76
2020	practical	28
2021	slightly	199
2029	texting	39
2030	manual	23
2031	transmission	23
2034	friday	286
2035	wrote	98
2042	museum	160
2043	throw	112
2045	sculpture	46
2046	puget	232
2047	medic	33
2048	collective	42
2054	impressive	55
2056	effort	196
2058	count	180
2059	carry	187
2060	umbrella	103
2062	parttime	38
2064	livable	42
2067	waited	85
2071	event	155
2072	online	260
2073	laptop	23
2079	accomplished	21
2082	helmet	84
2083	occurs	28
2085	alien	35
2088	francisco	262
2089	cycling	95
2091	stock	246
2093	quickly	282
2095	volunteer	207
2096	shame	30
2100	scientific	53
2101	science	81
2105	beauty	33
2108	population	351
2111	poverty	26
2117	promotion	60
2118	return	191
2120	historically	56
2121	needed	290
2122	impact	334
2123	seeing	277
2127	united	58
2128	voice	86
2129	baltimore	28
2131	mostly	487
2133	force	131
2136	suggest	72
2138	bummer	28
2140	agency	265
2141	charge	451
2143	although	241
2144	performing	47
2146	competitor	28
2150	commuting	114
2151	writing	136
2153	complete	324
2154	safeway	98
2155	angry	74
2156	beaver	28
2158	disability	67
2159	automatic	38
2161	convenient	87
2163	swing	50
2164	please	36
2167	aggression	29
2168	regularly	206
2169	block	776
2170	chicago	327
2171	pesticide	37
2172	resistant	21
2173	modification	21
2174	sidebar	106
2176	investing	30
2178	include	215
2179	lynnwood	133
2180	built	700
2181	existing	232
2182	eastside	154
2185	attend	60
2187	originally	112
2188	invite	48
2190	candidate	346
2191	democrat	57
2192	internal	86
2193	debate	108
2197	ending	94
2199	lower	536
2200	current	560
2201	pricing	133
2203	across	751
2205	range	263
2206	priced	106
2207	drawing	40
2208	qualified	85
2209	buyer	197
2212	desirable	64
2213	decline	77
2214	giving	271
2215	crazy	418
2218	mother	86
2220	foreign	107
2221	others	337
2222	respectful	47
2223	camera	307
2224	theyd	202
2226	confirmation	37
2228	unusual	45
2231	elected	122
2232	shown	138
2233	threaten	26
2234	perception	42
2235	otherwise	242
2236	accept	60
2238	congress	74
2240	approve	27
2242	subject	47
2243	lawyer	104
2244	selection	121
2247	grant	57
2252	select	39
2253	committee	129
2254	bring	329
2255	paper	319
2258	agreement	189
2259	season	206
2260	ranked	28
2262	attendance	34
2263	league	37
2264	dammit	49
2265	standard	364
2266	listened	40
2269	earlier	194
2276	sprawl	92
2277	atlanta	90
2279	terribly	53
2280	congested	33
2282	settled	60
2284	ruling	38
2288	quote	48
2289	showed	208
2292	smoking	158
2293	researcher	25
2295	smoker	34
2297	cigarette	100
2301	medicine	31
2302	stated	36
2303	indoor	33
2305	banning	47
2307	outdoor	85
2308	enjoy	40
2315	added	225
2316	betting	24
2317	provide	401
2320	scream	30
2321	staff	287
2324	print	81
2325	earth	40
2326	yesterday	222
2327	sitting	310
2328	bench	40
2331	dedicated	137
2332	pedestrian	506
2333	london	74
2334	beautiful	240
2338	crowded	118
2340	roundup	31
2341	regarding	129
2342	sustainable	38
2343	virtually	43
2344	provided	92
2345	reach	208
2346	sufficient	35
2347	quantity	45
2348	drinking	180
2351	taken	390
2355	medication	36
2357	function	60
2359	organic	36
2360	poison	29
2361	relatively	187
2365	plant	232
2368	includes	142
2371	result	468
2372	bottle	161
2373	mobility	40
2374	interstate	85
2375	developed	73
2377	newer	75
2380	chose	22
2381	opportunity	307
2384	effective	169
2386	fremont	425
2388	legit	113
2392	meant	74
2395	trader	25
2397	pirate	36
2399	michael	35
2400	chooses	23
2404	rolling	95
2405	checking	143
2407	whoever	62
2408	hanging	61
2409	couch	101
2411	distinction	21
2412	artist	135
2414	reduce	183
2417	indeed	64
2418	unfortunately	157
2420	decreased	36
2421	success	112
2422	portland	416
2423	retire	42
2424	expansion	124
2425	roadway	83
2427	encourages	73
2429	ridership	58
2430	congestion	183
2431	subway	319
2432	train	626
2433	manage	60
2434	commute	731
2435	gather	48
2436	hawaii	55
2440	terrible	209
2443	extra	458
2444	driven	44
2445	alone	225
2446	horribly	35
2449	offered	129
2450	bonus	164
2451	theyve	407
2455	chicken	194
2456	ezells	29
2459	motivation	37
2463	discussion	35
2465	merit	32
2466	versus	63
2470	roughly	107
2472	theyll	431
2475	split	111
2476	decent	258
2478	kemper	28
2479	freeman	33
2480	renter	116
2481	centurylink	133
2482	sending	74
2483	flyer	36
2484	gigabit	74
2485	intention	51
2486	changed	242
2487	percentage	105
2491	episode	94
2492	trade	183
2493	burning	54
2494	outage	56
2497	illegal	252
2502	perfect	224
2505	double	158
2506	strong	83
2507	hundred	144
2511	drunk	27
2512	unpredictable	22
2515	longterm	87
2516	guest	66
2517	landlord	390
2521	forgot	79
2522	remember	695
2527	facing	46
2528	assume	99
2529	discourage	70
2530	noise	128
2531	dwelling	24
2535	gtthe	149
2537	catch	249
2539	sometimes	587
2543	weird	331
2544	complains	26
2546	freezer	24
2547	greasy	21
2549	church	110
2552	maple	65
2556	monday	158
2557	maintains	22
2566	worried	108
2568	necessarily	219
2569	practice	207
2570	access	458
2577	tourism	20
2578	movie	129
2579	deciding	22
2580	visit	365
2582	harder	88
2583	vancouver	323
2584	drone	54
2586	additionally	91
2587	convinced	75
2588	conduct	22
2590	traveling	103
2592	hotel	218
2593	temperature	40
2594	employee	656
2595	household	96
2598	compare	61
2599	grocery	253
2601	proceed	40
2602	executive	74
2603	utility	230
2605	stage	112
2606	placed	41
2607	transfer	211
2608	eventually	316
2610	completed	95
2611	immediate	55
2613	ballard	1014
2614	burkegilman	25
2615	westlake	255
2616	discovery	39
2618	slight	20
2622	belltown	204
2626	usual	24
2629	frustration	25
2633	oregon	131
2634	lived	766
2636	staying	135
2638	northwest	204
2639	disaster	71
2640	quake	76
2643	mountain	299
2644	degree	215
2645	humidity	25
2646	willing	226
2650	smoked	37
2651	excess	47
2652	olympics	34
2653	forest	111
2655	rescue	83
2656	responded	58
2657	jumped	118
2660	suicide	104
2662	concrete	98
2663	depression	39
2664	smile	49
2667	tomato	29
2668	travel	383
2669	contrast	46
2670	shake	60
2671	daylight	107
2672	angle	76
2673	direction	312
2674	amazing	434
2677	talked	103
2678	document	125
2680	nasty	36
2681	habit	22
2682	loophole	47
2684	shore	55
2686	notice	338
2687	receive	112
2688	complaint	239
2690	wreck	34
2692	office	744
2699	deserves	42
2704	august	78
2708	outdoors	43
2709	scene	205
2710	fantastic	155
2713	hobby	22
2715	passionate	25
2717	diversity	44
2718	editorial	39
2719	bashing	31
2721	raising	101
2722	spike	29
2724	research	191
2726	writer	21
2728	listing	72
2729	intent	44
2730	proper	133
2732	texas	104
2734	extended	34
2735	northgate	185
2736	connect	105
2737	shoreline	110
2738	redmond	228
2744	predatory	23
2745	student	445
2746	internship	26
2747	vague	30
2748	hired	73
2752	hoping	117
2754	enemy	35
2755	chosen	30
2758	meantime	24
2759	quiet	168
2764	thatd	33
2767	package	266
2768	delivered	92
2770	skyline	60
2772	surrounding	118
2774	bathroom	280
2776	collected	75
2777	greenlake	96
2778	inexpensive	46
2779	south	824
2782	worry	89
2785	tough	107
2787	everywhere	404
2788	robbery	60
2790	entrance	93
2791	narcotic	37
2792	barely	148
2793	tonight	93
2794	rented	73
2796	seriously	260
2799	udistrict	87
2800	close	810
2801	nearly	457
2804	seatac	148
2805	stadium	177
2807	fishing	55
2808	salmon	117
2809	largely	100
2810	dodge	36
2811	southbound	75
2814	division	46
2815	montlake	80
2822	cider	35
2824	lineup	25
2825	repeatedly	39
2826	vacuum	22
2827	handful	94
2828	opposed	75
2829	hosting	35
2833	somehow	240
2834	remind	22
2837	performance	147
2840	superior	46
2841	paragraph	47
2847	format	29
2848	whichever	21
2850	stumbled	22
2852	entry	109
2853	obligatory	30
2854	super	498
2855	destroying	43
2857	forth	73
2859	facebook	133
2860	infection	35
2863	freaking	67
2865	creates	101
2866	felony	79
2867	expect	283
2869	subreddits	23
2870	follow	245
2871	setup	61
2872	helpful	125
2874	enjoyable	24
2875	greatest	74
2878	metro	753
2881	denny	189
2884	outlet	49
2887	convert	42
2888	screwing	27
2889	figured	99
2891	appalled	20
2893	homeowner	55
2895	electrical	39
2897	hazard	65
2898	switch	156
2900	laundry	40
2902	random	140
2904	electricity	40
2905	kitchen	127
2909	brought	157
2910	laughed	23
2913	engineering	143
2916	admit	44
2918	written	85
2920	relation	20
2922	witness	127
2923	shall	110
2928	lawful	28
2942	carolina	31
2943	referenced	38
2944	analysis	51
2947	began	87
2948	customer	490
2951	heart	92
2953	search	217
2954	continues	93
2956	approach	213
2958	spark	21
2959	lunch	213
2961	viewing	31
2964	midnight	69
2967	reportedly	21
2968	assaulted	24
2970	reload	23
2974	activity	278
2975	conducting	28
2976	protects	21
2978	wondering	62
2981	curious	74
2983	smartphones	23
2989	opponent	31
2991	weight	99
2997	scandinavian	39
2998	capital	180
3000	improvement	227
3001	commercial	222
3002	transaction	76
3003	providing	113
3004	tenant	276
3005	commerce	43
3007	rental	246
3008	maintained	81
3010	forever	89
3012	recall	68
3021	guaranteed	88
3022	safety	328
3023	technique	30
3024	context	34
3025	witch	49
3027	chased	20
3028	ready	99
3029	covered	166
3030	possession	45
3031	loaded	37
3032	firearm	125
3033	felon	42
3034	handgun	42
3035	entered	24
3037	finding	256
3044	cabbie	20
3045	impacted	32
3047	cited	45
3048	dismissed	22
3049	lawsuit	61
3051	navigating	22
3052	destroy	35
3053	condo	222
3054	tobacco	33
3057	classic	46
3060	auburn	44
3061	correctly	46
3063	union	302
3064	trolley	33
3068	signage	88
3070	fault	36
3072	network	314
3073	replace	131
3075	improving	62
3076	communication	53
3077	portable	20
3079	radio	144
3080	interact	27
3081	normal	267
3082	connecting	42
3085	address	292
3086	surveillance	53
3088	extreme	58
3091	convenience	38
3093	boring	68
3094	compromise	62
3095	heavy	177
3099	swinging	23
3102	lifetime	65
3104	cracking	24
3105	revenue	360
3107	diverse	25
3111	industrial	45
3112	complex	73
3115	filed	62
3118	disclosure	40
3119	estimated	63
3120	requested	40
3124	grand	63
3127	charging	61
3130	nonprofit	77
3132	federal	646
3134	finance	76
3135	budget	402
3137	according	290
3141	telephone	27
3142	modem	60
3143	nation	79
3147	activist	36
3149	download	62
3150	distribution	47
3151	protected	56
3152	loses	20
3153	reasonably	109
3155	scanner	27
3156	initial	49
3157	implementation	66
3158	30000	28
3159	queue	31
3164	stretch	161
3167	diameter	22
3168	reminded	56
3169	elevator	61
3170	onboard	32
3173	bacon	42
3174	taught	58
3175	helping	130
3176	noted	62
3180	pathway	23
3181	multi	21
3182	incident	199
3186	chunk	50
3192	accomplish	27
3197	yesler	25
3199	advocacy	35
3201	motor	56
3204	ensure	93
3207	occupancy	45
3211	myopic	28
3212	serious	254
3213	reduced	108
3214	monorail	163
3215	separation	40
3216	reduces	56
3220	turning	278
3221	leading	22
3222	cutting	230
3229	institution	71
3232	greatly	42
3238	legislator	109
3240	competitive	71
3242	dream	65
3243	realistic	66
3249	interview	232
3254	apple	85
3258	headphone	52
3261	write	83
3265	daughter	28
3268	trigger	37
3276	mount	92
3277	assistance	96
3278	animal	222
3286	homelessness	111
3288	rough	78
3291	sheriff	61
3292	fired	124
3293	misconduct	43
3296	deputy	45
3297	intoxicated	25
3299	patrol	124
3300	helped	194
3301	engage	28
3302	prostitution	56
3304	impression	98
3307	arizona	67
3308	ahead	214
3309	diploma	26
3311	indicates	39
3315	corner	304
3316	officially	31
3323	albeit	26
3326	earthquake	214
3327	depth	31
3328	significantly	167
3330	surface	178
3332	closest	81
3334	significant	153
3335	margin	88
3336	error	38
3339	comfortable	177
3341	chair	104
3344	rhetoric	31
3345	refusing	39
3348	implication	32
3349	newcomer	39
3352	appropriate	100
3353	influx	73
3354	entirely	165
3355	overpriced	40
3357	burnt	22
3358	factor	210
3360	boston	112
3366	regional	167
3367	brutal	29
3369	pressure	106
3370	amenity	68
3371	required	304
3372	primarily	61
3374	retail	140
3375	apart	45
3377	amazed	20
3379	suburb	334
3384	commenter	23
3385	brings	23
3387	funding	456
3388	david	22
3390	stuff	618
3391	inconvenient	33
3393	fucked	120
3395	perpendicular	23
3397	delayed	25
3398	ordered	79
3400	stolen	165
3401	porch	45
3402	mailbox	40
3404	stranger	162
3405	scheduled	94
3409	suite	40
3414	payment	223
3415	kicking	30
3418	olympia	73
3421	confirmed	83
3429	rained	33
3430	tuesday	93
3432	married	68
3433	creative	32
3435	cluster	26
3436	flight	147
3438	radar	33
3441	construction	532
3443	twoway	37
3444	decided	182
3447	nimby	122
3454	holding	37
3455	inadequate	33
3457	steel	39
3460	declare	31
3464	decrease	76
3472	previous	128
3474	previously	88
3475	acquire	31
3477	database	33
3479	eating	129
3482	beverage	28
3484	alcohol	141
3485	flavor	27
3486	unpleasant	23
3490	respect	25
3491	qualifies	26
3493	alley	89
3494	guitar	38
3495	olive	61
3496	magic	61
3498	partner	103
3499	seemingly	21
3507	phoenix	107
3513	flame	34
3515	unable	64
3520	tmobile	22
3524	financially	54
3525	billing	48
3526	associated	66
3528	craft	65
3529	cocktail	29
3530	served	51
3533	hotdog	23
3537	veggie	21
3542	chase	20
3543	shovel	26
3544	trailer	69
3549	sheet	50
3550	metal	80
3553	legacy	25
3554	owning	38
3555	relocation	28
3556	absolute	93
3558	dumped	42
3561	roller	20
3564	skate	24
3567	adult	44
3570	temporary	74
3575	constantly	170
3576	horrible	119
3578	mixing	23
3579	largest	140
3580	arterial	34
3582	intended	82
3583	residential	133
3584	adjusted	40
3587	reliable	141
3589	aging	31
3590	meaning	88
3591	listening	34
3596	canada	132
3597	concentrate	41
3598	density	355
3599	magically	60
3600	inevitable	41
3601	dressed	63
3602	intense	55
3604	dumpster	66
3605	shipping	29
3610	cleaned	51
3613	floor	294
3615	premium	62
3616	investment	250
3619	violation	154
3620	active	174
3621	trespassing	25
3624	bingo	22
3626	motorcycle	156
3629	variety	129
3632	explanation	101
3638	partial	25
3639	refund	40
3640	occupied	42
3643	penalty	27
3644	suspension	37
3645	dangerous	228
3646	length	121
3647	communicate	24
3648	passing	191
3651	ended	210
3654	biggest	219
3655	opposition	56
3657	proximity	60
3660	addition	235
3661	chris	26
3662	hansen	59
3665	wanting	64
3668	wallingford	161
3671	raccoon	45
3672	vacation	55
3673	portage	33
3674	garage	257
3682	locally	80
3684	splitting	34
3688	burden	92
3690	recent	237
3691	automobile	45
3693	plate	206
3694	theft	116
3696	management	225
3697	guessing	67
3702	sunday	174
3708	cleaning	82
3714	circumstance	90
3719	causing	95
3722	jersey	45
3723	printed	53
3724	mouse	20
3725	moose	24
3727	alright	23
3728	growth	306
3730	rapidly	69
3732	arrives	24
3733	filled	111
3742	requirement	323
3745	application	82
3746	counting	33
3749	lawmaker	24
3751	teach	26
3752	metric	55
3755	buddy	33
3757	institute	54
3758	attract	58
3760	beginning	96
3762	challenge	39
3765	prosecuted	26
3766	anybody	23
3769	charged	97
3772	punched	22
3774	tukwila	76
3775	native	139
3776	indian	34
3779	music	186
3780	tesla	27
3781	plastic	52
3782	swear	71
3783	reducing	88
3785	battery	131
3788	sharing	139
3790	comic	28
3791	exploded	30
3792	indoors	25
3793	locked	106
3794	watched	113
3798	promotional	21
3799	regular	269
3800	fiber	153
3801	residence	87
3804	enter	146
3805	solid	154
3806	solve	50
3807	eastern	172
3809	threw	77
3812	facility	188
3813	continue	97
3814	feature	112
3815	sewer	73
3816	directed	71
3817	merge	269
3819	tipping	101
3820	legalization	71
3822	burke	82
3823	canal	123
3824	magnolia	99
3826	chopped	27
3827	painted	70
3830	treating	33
3831	flash	67
3835	religious	75
3838	conveniently	33
3839	focus	175
3842	meanwhile	108
3844	upwards	28
3846	surprisingly	38
3847	frustrating	57
3849	delay	109
3851	planned	92
3852	parenthood	21
3856	permission	30
3858	picking	74
3859	counter	103
3862	adjust	29
3865	instance	54
3867	occasion	62
3868	emailed	28
3869	guard	105
3878	thatll	22
3881	italian	43
3882	cheese	92
3883	sister	102
3886	reminder	47
3887	vendor	104
3888	preference	36
3897	ultimately	88
3898	commission	82
3899	election	309
3900	commissioner	31
3901	november	36
3902	january	106
3904	december	79
3910	eligible	51
3919	car2go	100
3921	cloudy	47
3922	taste	53
3923	sympathetic	20
3927	became	140
3928	frustrated	35
3929	investor	113
3930	manages	34
3932	mixed	59
3934	george	32
3935	english	41
3937	pioneer	179
3938	square	374
3939	incredible	67
3941	pasta	22
3942	weekday	97
3943	vietnamese	37
3945	tends	98
3947	hasnt	241
3948	nostalgia	31
3954	scarf	25
3955	famous	38
3961	marriage	52
3963	funded	111
3964	donor	36
3965	stream	83
3966	broke	117
3970	jacket	96
3973	sketch	28
3974	changing	152
3975	backyard	92
3977	decides	42
3979	compensate	22
3980	remain	100
3984	reputation	54
3985	respond	21
3986	spectacular	21
3987	owned	165
3988	connected	124
3990	greenwood	124
3991	aurora	237
3995	experienced	102
3998	windy	28
3999	scenic	32
4000	claimed	48
4001	published	52
4004	proposed	170
4006	storm	182
4008	woodland	44
4009	territory	66
4010	thief	111
4015	theory	97
4016	independent	107
4017	career	95
4028	selling	175
4030	warmer	34
4035	presumably	84
4037	extension	61
4038	rising	44
4044	potential	250
4048	taylor	25
4051	burger	184
4053	pizza	163
4063	secure	113
4064	alarm	40
4065	ferry	302
4071	minor	58
4074	maneuver	45
4079	fundamental	33
4082	resolution	22
4086	loading	48
4087	arrived	122
4092	catastrophic	20
4093	cannot	286
4095	outcome	83
4098	increasingly	35
4104	marine	42
4105	collapse	51
4106	ocean	33
4109	meeting	340
4110	venture	33
4111	renton	214
4113	arcade	33
4115	pinball	32
4116	cabinet	36
4117	assure	22
4118	planning	243
4119	influence	26
4121	nevada	20
4122	climb	64
4123	lovely	35
4124	certification	22
4126	recycling	86
4129	developer	187
4130	seattlite	20
4131	explains	72
4136	investigative	27
4138	widely	37
4147	branch	92
4149	traveler	56
4150	background	187
4151	brick	88
4152	missed	52
4155	towel	30
4156	commonly	50
4160	misdemeanor	21
4161	fleet	79
4164	tested	43
4165	bellingham	105
4169	contain	48
4170	spill	52
4172	bringing	122
4173	restoration	26
4178	craigslist	75
4180	photographer	37
4185	douglas	42
4186	joint	63
4187	furniture	52
4188	bedbug	28
4189	vacant	42
4190	battle	40
4192	boggles	20
4194	reverse	54
4197	pattern	54
4200	scenario	142
4204	helen	53
4205	accidentally	31
4208	cloud	128
4212	popping	40
4213	burien	61
4214	ideally	22
4223	wouldve	29
4226	utterly	20
4227	insane	112
4229	walkable	54
4230	uwajimaya	30
4231	village	75
4234	magnet	22
4236	relax	23
4237	visitor	68
4240	backup	43
4241	banking	30
4243	crater	21
4245	competition	140
4248	trace	21
4250	mandatory	116
4252	garbage	105
4253	oblivious	57
4264	grandma	26
4265	cooking	31
4266	mentally	124
4270	british	53
4271	crossing	271
4275	everybody	75
4282	propose	75
4285	screwed	75
4287	install	53
4288	comcast	375
4290	superintendent	20
4291	investigation	123
4293	allegation	31
4294	oversight	71
4295	allegedly	29
4307	scheme	35
4310	taller	36
4315	vertical	29
4316	warning	174
4317	expense	129
4318	shorter	66
4322	jones	40
4324	seemed	164
4329	unrealistic	34
4331	lighter	21
4332	generous	40
4339	peninsula	69
4341	wednesday	107
4342	evening	179
4343	chief	104
4345	otoole	26
4346	issued	61
4347	disappointed	71
4348	feedback	41
4349	luxury	116
4353	produced	34
4356	inefficient	45
4358	afterwards	24
4363	300000	20
4364	efficiently	37
4367	inspection	42
4371	regulate	39
4372	tactic	58
4373	lobby	44
4378	invitation	24
4379	employer	139
4381	retired	31
4384	replacing	44
4386	whidbey	31
4387	electronic	65
4390	landing	54
4396	plummet	22
4398	accessible	82
4400	farmer	99
4404	android	20
4405	throughout	106
4407	reading	140
4409	exemption	42
4410	chapter	28
4416	municipality	26
4426	table	213
4431	funnier	29
4434	humane	20
4435	approaching	76
4436	adequate	56
4437	arrangement	48
4438	unlikely	67
4439	holiday	61
4442	yakima	34
4447	connection	197
4450	sticking	59
4451	shout	45
4454	responsible	103
4455	manner	28
4457	wound	25
4458	focusing	46
4461	profitable	25
4463	targeting	40
4465	shareholder	21
4466	entering	113
4469	microsofts	32
4470	fortune	22
4471	drastically	29
4472	tableau	20
4473	startup	74
4474	hiring	149
4480	republican	116
4483	beard	48
4484	blast	24
4485	weekly	44
4488	citywide	31
4491	album	41
4500	surrounded	52
4502	engine	61
4505	criterion	41
4507	argued	20
4511	combined	132
4512	administration	60
4517	upkeep	26
4518	formatting	37
4519	unlocked	24
4522	waking	30
4524	thrilled	26
4525	suing	31
4527	picked	131
4528	legend	34
4529	maximum	71
4531	motion	47
4532	sensor	34
4533	crane	102
4534	wherever	47
4536	spoke	34
4538	cantwell	24
4541	joking	30
4542	longtime	35
4546	snohomish	93
4547	pierce	72
4548	press	73
4549	demand	318
4552	percent	340
4554	unrelated	36
4556	dexter	66
4558	shopping	83
4561	closely	49
4562	senator	81
4567	magnitude	36
4571	senate	86
4576	benefited	25
4577	identify	25
4580	pulling	69
4581	ladder	25
4582	prioritize	20
4583	steep	78
4586	cycle	236
4588	guarantee	101
4591	leasing	28
4592	allowing	134
4593	yearly	49
4594	headline	159
4597	winning	47
4600	nicely	41
4612	hybrid	33
4615	licensing	44
4619	depot	61
4620	fruit	32
4623	25000	37
4625	ordering	26
4626	leadership	88
4629	audio	27
4630	learning	50
4633	lesson	75
4638	secondary	27
4639	recipe	38
4640	struggling	57
4651	pastry	27
4652	greek	40
4657	abide	20
4661	chaos	21
4664	electric	39
4665	speaking	54
4667	hopefully	157
4668	motivate	20
4670	everyones	67
4671	installation	52
4672	acted	22
4676	singing	23
4680	hurry	31
4681	seven	82
4682	captain	47
4687	consistently	55
4688	packed	146
4690	perfectly	143
4696	knowing	39
4697	followed	82
4699	joined	54
4700	awhile	65
4702	moped	20
4704	bypass	31
4706	crappy	53
4707	employ	55
4708	quicker	56
4710	delivering	42
4711	stood	74
4713	backed	84
4720	laser	59
4721	detect	25
4723	underground	154
4725	modest	43
4727	gallon	60
4732	ratio	62
4736	modern	105
4739	mandated	20
4743	relief	31
4744	lately	46
4745	field	248
4749	theater	113
4750	frozen	45
4753	goodwill	30
4755	shortterm	33
4756	edited	45
4759	helicopter	58
4763	april	66
4765	gotta	129
4767	100000	28
4773	difficulty	22
4774	reservation	68
4778	bainbridge	118
4779	island	318
4782	avenue	118
4784	detective	66
4785	learned	131
4786	eaten	40
4788	dramatically	43
4789	ingredient	63
4793	wager	22
4794	wholesale	23
4799	testing	47
4800	flying	44
4803	regulation	140
4804	monopoly	34
4806	struck	40
4808	spilled	20
4809	manufacturing	25
4811	alabama	25
4815	released	73
4820	constituent	56
4821	witnessed	57
4823	shortly	38
4827	addiction	61
4829	profession	39
4830	basis	36
4831	worldwide	21
4832	universal	64
4837	inflation	100
4838	regressive	141
4839	median	148
4842	estimate	76
4845	fried	51
4846	southern	70
4847	spicy	31
4851	dumpling	21
4852	onion	65
4853	pancake	30
4854	cuban	20
4858	fusion	20
4860	korean	57
4862	wandering	22
4863	goose	41
4864	brunch	38
4868	dinner	167
4872	liquor	204
4874	slice	60
4878	utilized	31
4885	injured	36
4886	determined	48
4889	release	74
4892	brother	83
4893	plumbing	26
4900	discount	47
4902	universe	39
4909	relationship	113
4917	gasoline	23
4919	continued	80
4923	quality	444
4926	senior	80
4927	casualty	25
4932	signature	85
4933	bumper	61
4934	nacho	25
4938	ordinance	103
4942	hated	48
4945	clearance	34
4947	parade	36
4949	participate	51
4950	admission	53
4952	elementary	59
4955	paperwork	107
4956	related	180
4960	rightfully	24
4962	cross	260
4964	father	77
4965	transparent	33
4967	danger	75
4968	losing	40
4971	foreclosure	21
4980	historic	49
4983	indicate	45
4984	strongly	88
4985	productivity	41
4987	measure	196
4994	announce	33
4997	walkability	21
4998	incoming	28
5001	mildly	34
5002	irritated	22
5003	contest	46
5004	adventure	26
5010	establishment	65
5014	transparency	33
5016	prohibition	28
5017	absurd	27
5025	barred	20
5026	compensation	44
5029	contacted	62
5032	repair	145
5033	recourse	24
5034	experiencing	37
5038	slide	38
5043	existed	25
5045	update	180
5047	celebrate	20
5048	interaction	54
5050	invited	39
5051	kitsap	59
5054	houston	97
5055	dallas	66
5059	purely	21
5060	attended	43
5065	hardly	64
5073	finger	67
5075	apodments	45
5077	warehouse	71
5078	grown	34
5080	grower	26
5081	harvest	26
5086	choosing	36
5087	initially	31
5089	slowed	44
5090	partially	43
5095	10000	46
5098	amber	33
5099	alert	79
5103	forwarded	24
5107	series	104
5111	swimming	60
5116	stepped	36
5117	viable	67
5121	hurricane	37
5122	ridge	58
5128	beach	267
5132	misleading	106
5136	element	26
5139	parallel	63
5140	freight	23
5141	conservation	20
5143	bachelor	26
5153	treated	54
5157	summary	80
5158	named	125
5168	catching	58
5170	shipped	23
5172	clothing	35
5176	capacity	284
5180	fraction	61
5183	unfair	50
5189	predicted	31
5190	repaired	21
5192	anticipated	21
5196	cleared	29
5197	fascinating	21
5199	doorway	46
5205	tomorrow	106
5206	prosecutor	84
5207	guilty	27
5209	penis	127
5210	stroller	33
5219	introduced	35
5220	chihuly	53
5223	sounder	206
5224	generic	26
5225	shark	49
5226	colorado	67
5227	avalanche	26
5229	bland	21
5241	minimal	60
5242	passenger	254
5243	encouraging	64
5245	skagit	29
5248	unfortunate	49
5249	enjoying	26
5250	academy	23
5253	shape	20
5256	afternoon	168
5257	instructor	33
5258	appreciate	134
5260	noticed	219
5263	trend	64
5264	setting	154
5265	maintain	147
5266	addressed	22
5268	freeze	81
5270	unconstitutional	61
5274	finishing	22
5275	schedule	321
5277	panhandler	35
5278	pharmacy	22
5280	panhandling	49
5282	pushed	97
5283	orderly	24
5285	horror	45
5286	zoning	177
5287	suburban	146
5288	bumbershoot	47
5298	alternative	228
5299	kicked	76
5302	aggressively	28
5308	figuring	20
5312	youth	66
5314	chipotle	33
5316	pitch	47
5317	pouring	38
5321	loose	64
5328	urine	37
5329	sample	80
5330	liquid	23
5332	unknown	26
5334	rolled	102
5337	brooklyn	36
5346	outreach	45
5348	appears	60
5358	bremerton	92
5360	girlfriend	30
5363	liked	118
5364	crash	145
5379	booze	56
5380	border	44
5382	prosperity	20
5387	filter	48
5393	messenger	36
5394	polite	48
5395	acquaintance	25
5396	waiter	44
5397	bartender	75
5400	headed	73
5404	illegally	67
5406	aquarium	41
5408	measuring	21
5413	costco	72
5415	dining	50
5419	tossed	36
5425	michigan	29
5428	constructive	34
5432	shortys	26
5435	encourage	55
5436	documentation	21
5438	readily	20
5440	memory	68
5443	depend	43
5444	honesty	20
5448	seller	94
5454	sudden	55
5457	mainly	29
5461	handing	27
5462	bloomberg	25
5466	mining	33
5470	quarter	94
5472	literal	53
5473	translation	29
5479	carrier	80
5480	alternate	63
5484	define	42
5486	theoretically	28
5490	candy	39
5494	mystery	29
5496	traveled	59
5504	cable	204
5507	cutter	61
5510	exceed	31
5519	cautious	28
5521	preserving	40
5524	feared	31
5525	vaping	25
5527	grade	190
5528	shelf	38
5530	carefully	40
5536	renew	38
5538	poorly	43
5540	properly	86
5544	promise	51
5545	journalist	35
5546	stone	60
5547	continuing	35
5548	submit	49
5550	mason	22
5558	excluding	20
5559	pursue	54
5560	reject	36
5561	rainier	339
5562	valley	192
5563	heroin	76
5565	container	107
5568	dispute	52
5571	feasible	42
5572	purchasing	33
5583	imgur	30
5594	nurse	50
5596	healthcare	107
5597	matching	20
5599	taxation	27
5602	renewal	39
5604	saved	77
5607	loved	144
5611	concept	64
5614	england	34
5623	scope	26
5624	authorized	32
5626	collect	54
5627	retain	30
5628	lawabiding	31
5630	president	111
5631	confidence	81
5632	broad	77
5642	nicer	133
5643	careful	65
5644	lookout	38
5645	dragged	21
5649	madison	97
5652	serving	86
5654	twitter	73
5655	impressed	20
5661	trashed	20
5665	review	287
5667	denied	45
5668	disclose	20
5669	negotiation	25
5672	treaty	41
5679	chipped	20
5684	buffer	24
5685	frame	64
5687	tofrom	22
5695	comply	41
5696	guideline	20
5698	screen	55
5701	lowering	60
5702	draft	51
5704	falling	26
5711	stripe	20
5717	presentation	30
5723	disappointment	22
5727	efficient	139
5728	involve	30
5731	petition	47
5738	designated	48
5739	reserved	43
5743	visited	35
5744	grandparent	34
5745	fence	80
5748	creek	62
5749	referred	22
5752	reference	126
5753	clarify	28
5757	ironic	33
5758	ethical	25
5759	overnight	96
5760	predict	43
5764	shift	137
5765	supervisor	52
5775	loudly	21
5778	disappointing	32
5779	proceeded	42
5782	switching	23
5783	consensus	22
5784	traditional	101
5787	bright	144
5789	formerly	32
5797	professor	36
5799	statistic	21
5800	homicide	35
5803	suspected	28
5808	established	73
5812	ditch	42
5818	instructed	21
5820	separately	21
5821	approximately	69
5826	grain	29
5830	applies	52
5842	dance	23
5847	rightofway	47
5850	camper	96
5853	consideration	31
5856	demanding	23
5857	lined	59
5858	spite	32
5863	dynamic	24
5865	woodinville	28
5866	suggests	38
5867	vocal	21
5871	roosevelt	102
5872	outdated	64
5875	storage	108
5877	burglary	44
5878	standpoint	38
5879	louis	44
5880	shocking	43
5882	starter	27
5884	wondered	55
5887	combination	100
5890	river	129
5892	baker	48
5893	timed	41
5897	reflect	70
5899	administrative	47
5900	achieve	39
5901	desired	29
5902	awareness	40
5908	prohibits	35
5913	competing	91
5914	attending	48
5923	gtwhen	21
5927	microsoft	239
5930	adoption	30
5933	appearance	20
5934	poisoning	25
5938	melrose	21
5942	inconsiderate	35
5951	operate	119
5952	1980s	27
5953	roger	41
5954	mosley	30
5961	prize	34
5962	contestant	38
5966	nordstrom	48
5972	shiny	44
5978	leroy	20
5984	slammed	21
5985	yelled	72
5990	relating	22
5993	implemented	74
5996	string	34
6003	knock	58
6006	richer	21
6008	maker	21
6009	shady	95
6013	sailboat	23
6016	encounter	61
6026	banner	48
6027	spider	180
6031	californian	130
6032	plain	66
6036	salad	33
6048	prefers	20
6050	absence	21
6051	tension	37
6056	outright	49
6057	rejection	21
6058	tuition	68
6062	vastly	49
6063	simultaneously	47
6070	architecture	51
6073	dense	124
6074	goodbye	30
6076	horizon	21
6078	recovered	21
6080	affected	56
6081	brief	40
6082	comedy	27
6086	bankruptcy	25
6089	clothes	36
6097	complicated	90
6099	glove	46
6101	removal	20
6108	backing	38
6109	domestic	25
6112	returned	58
6113	smartphone	21
6117	cliff	41
6119	expanded	59
6120	snoqualmie	109
6122	transition	47
6123	continuous	26
6124	summit	33
6129	curiosity	25
6139	husband	156
6140	worrying	39
6146	strange	143
6148	sticky	22
6149	tenancy	25
6151	managed	95
6156	trucker	20
6158	handled	65
6162	bolted	20
6165	festival	151
6166	experiment	22
6168	rural	128
6174	rating	62
6179	broadcast	33
6185	launch	44
6188	nutshell	22
6193	importance	26
6194	walter	21
6199	round	104
6215	mechanism	51
6216	stack	78
6217	registration	73
6221	dryer	24
6225	checked	95
6227	severe	46
6228	wallet	50
6230	concert	75
6235	manager	361
6236	attorney	109
6237	consultant	28
6238	burgess	61
6239	contributed	56
6244	understandable	29
6245	birthday	44
6247	charm	22
6256	canadian	91
6259	beacon	85
6260	columbia	177
6261	delridge	31
6262	ravenna	58
6264	crown	21
6269	submarine	33
6271	seasonal	24
6289	ideological	20
6292	blowing	61
6301	asshats	29
6304	spare	39
6306	attached	86
6307	assembly	25
6310	digital	41
6314	partnership	22
6318	remains	64
6327	illness	20
6331	recession	107
6333	moreover	32
6336	functioning	48
6339	critical	31
6342	gilman	46
6343	tokyo	27
6347	outfit	22
6349	admiral	20
6351	certificate	21
6352	graduate	37
6354	equivalent	21
6355	spelling	53
6358	contains	33
6369	projection	22
6375	expedia	50
6377	fatality	51
6378	correction	45
6384	lounge	69
6385	unsure	38
6388	cream	69
6391	southcenter	20
6397	attacked	41
6402	virginia	47
6404	proposition	41
6410	damned	33
6413	surcharge	32
6419	employed	28
6424	needlessly	21
6432	profanity	22
6435	acceptable	53
6437	pound	95
6441	tradition	38
6444	announced	58
6445	governor	43
6449	progress	73
6452	allows	104
6453	blind	39
6456	enhance	21
6465	vegetarian	29
6466	selfish	25
6468	vicinity	20
6469	motif	21
6470	fisherman	33
6471	idaho	32
6474	combine	51
6478	neutral	25
6481	taxpayer	32
6482	inevitably	37
6486	upper	146
6487	stress	70
6489	sustained	29
6490	graphic	56
6499	bureau	32
6500	profile	40
6504	forprofit	27
6505	certified	26
6511	editor	33
6517	burbs	37
6519	panel	64
6520	novelty	20
6526	stressful	46
6529	messy	30
6534	infuriating	41
6542	obligation	40
6549	located	103
6553	debris	28
6558	miserable	23
6560	sandal	28
6569	hunter	37
6570	exempt	46
6571	barrier	83
6576	comparable	54
6579	contributes	20
6585	statewide	47
6587	divided	45
6589	unclear	24
6592	presidential	67
6593	geography	41
6597	registered	61
6598	orientation	24
6605	skeptical	26
6610	champion	27
6613	defined	111
6614	conflict	55
6616	awkward	41
6617	legislative	43
6618	fiasco	29
6620	aisle	45
6621	gigantic	60
6625	boyfriend	55
6629	declining	39
6631	projected	41
6632	deficit	37
6636	sewage	39
6640	offender	21
6649	separate	145
6650	perceived	25
6651	misconception	33
6653	sympathize	32
6654	differently	81
6656	bothell	64
6657	slope	71
6659	entertaining	27
6660	sustain	32
6667	chime	21
6670	stats	47
6675	balanced	28
6680	receipt	97
6683	floating	50
6685	vacate	25
6687	unacceptable	71
6689	handling	61
6693	renovation	25
6694	flair	23
6700	refused	68
6705	taxed	65
6711	freezing	28
6712	terrain	21
6713	cleanup	26
6714	royal	40
6720	landed	39
6722	emission	27
6723	bussing	24
6725	moderation	62
6729	queer	68
6730	reform	104
6734	costly	28
6735	assumes	46
6739	overtime	36
6740	nonrefundable	22
6742	cashier	23
6751	organized	37
6755	calendar	34
6756	updated	73
6757	participating	22
6777	harbor	75
6778	jefferson	24
6786	fallout	20
6792	commuter	193
6793	foremost	20
6794	arguably	53
6796	emerald	40
6801	preservation	23
6805	multifamily	36
6807	olympic	83
6808	trailhead	29
6810	booming	50
6811	kirkland	165
6815	inherently	49
6830	adrenaline	32
6831	invest	105
6833	monthly	128
6837	transient	40
6838	grill	62
6839	steak	41
6842	fourth	63
6844	sentiment	41
6849	realizing	20
6851	oncoming	20
6853	perform	85
6855	cruising	26
6856	crosswalk	86
6859	twice	217
6861	jaywalking	47
6865	145th	22
6866	singlefamily	63
6872	illinois	20
6873	shower	80
6877	revenge	21
6880	tweet	51
6885	sting	28
6886	investigating	21
6888	involvement	26
6889	isolated	32
6897	layer	85
6899	extensive	54
6904	delicious	144
6905	understood	33
6910	cried	21
6916	discussed	43
6923	ridiculously	23
6925	retention	23
6929	whove	24
6931	annoyed	27
6937	server	134
6942	shock	38
6945	annually	34
6946	holder	59
6947	doughnut	22
6948	prince	21
6951	damnit	24
6952	appeared	37
6953	attempting	48
6962	limitation	43
6963	proposing	56
6964	grateful	41
6968	squeezed	22
6969	juice	30
6973	clicking	27
6975	1990s	32
6977	closing	121
6981	whereas	66
6987	independently	35
6988	enterprise	31
6996	preserve	25
7001	climbed	23
7003	climbing	58
7004	fountain	39
7006	desire	53
7007	promised	20
7014	ticketed	22
7021	salaried	26
7022	bidding	42
7029	flowing	20
7031	foundation	87
7039	endless	30
7042	volcano	46
7044	1970s	39
7048	cascadia	61
7049	french	42
7054	aircraft	69
7055	altitude	21
7062	operator	74
7063	stamp	21
7064	discretion	34
7069	mutual	36
7070	combat	23
7079	label	43
7082	discipline	39
7084	adjusting	34
7085	determine	26
7087	whitlatch	20
7091	james	37
7094	childhood	39
7098	counselor	20
7102	demolished	42
7106	penny	34
7112	grows	30
7116	programming	39
7118	1960s	20
7126	precedent	36
7136	wsdot	262
7140	shine	33
7142	travelling	22
7143	cascade	127
7144	takeout	30
7145	teriyaki	56
7146	massively	40
7149	deadline	30
7152	sunny	104
7160	valued	29
7161	upgraded	31
7178	unlike	48
7191	delta	129
7192	minneapolis	40
7193	airline	125
7194	midwest	65
7206	recommended	74
7208	cancelled	36
7218	ethic	38
7221	adjustment	40
7223	golden	65
7229	follows	52
7230	consciousness	21
7232	western	143
7243	nightmare	112
7244	arrow	61
7245	victory	44
7249	enjoyed	25
7251	rapid	123
7255	develop	53
7261	introduce	21
7262	enforced	47
7265	describing	20
7266	searched	33
7269	refreshing	34
7272	height	122
7279	proposal	193
7280	purchase	180
7284	restricted	54
7288	proactive	21
7290	locate	29
7292	reception	28
7293	touch	65
7295	pickup	71
7298	censor	23
7303	realm	23
7306	possibility	34
7308	observation	40
7310	continually	26
7312	provision	60
7315	television	29
7316	seating	41
7319	vegetable	24
7322	blown	31
7323	uncommon	58
7324	verizon	25
7327	elevation	37
7331	approval	66
7336	graduated	42
7337	devil	34
7338	safeco	57
7339	wheelchair	37
7342	switched	64
7344	practically	59
7345	wildly	58
7355	economically	50
7360	availability	46
7361	exotic	24
7363	bizarre	57
7366	parcel	25
7385	puppy	21
7386	leash	37
7392	technical	76
7393	flashing	33
7399	phase	49
7403	rifle	35
7415	presented	23
7416	personality	39
7418	immigration	51
7420	wenatchee	22
7421	gorgeous	56
7423	journalism	33
7430	legalize	52
7431	kitten	36
7436	washed	43
7443	wider	58
7447	scenery	31
7448	firsthand	20
7450	fastest	91
7453	equation	20
7454	landowner	34
7456	gaming	37
7472	forgotten	29
7479	anyhow	20
7480	northbound	77
7485	rejected	83
7488	stringent	20
7489	flexibility	46
7493	breakdown	24
7495	chronic	31
7499	harassed	30
7500	malicious	26
7508	pumped	36
7513	regulatory	39
7515	seeking	28
7520	meter	32
7521	consulting	23
7526	essential	65
7527	partly	43
7529	functional	47
7530	frontier	41
7532	arrival	67
7536	stabbed	26
7537	crack	114
7538	santa	64
7540	demonstrates	22
7545	realtor	39
7557	haircut	21
7559	clusterfuck	29
7563	bidder	24
7564	diamond	27
7573	stair	42
7574	reroute	21
7578	compelling	26
7584	cookie	36
7586	affluent	36
7591	pavement	45
7592	offering	77
7605	sauce	77
7607	indication	28
7611	india	35
7612	australia	28
7617	arriving	32
7619	reelection	22
7620	negligent	34
7623	paycheck	49
7627	limiting	44
7629	luckily	50
7630	coworkers	96
7637	designing	29
7639	clicked	25
7640	embarrassing	20
7652	exclusive	56
7653	idiotic	23
7656	sweat	33
7661	sunglass	25
7662	shade	42
7667	diesel	39
7668	edible	27
7674	ridden	44
7675	dealt	54
7679	effectiveness	37
7683	offense	76
7684	careless	109
7686	arboretum	28
7687	lincoln	51
7693	fulltime	41
7695	westbound	41
7697	nuisance	37
7698	suspended	21
7700	companion	22
7704	notoriously	25
7708	occasional	60
7718	whomever	32
7726	stuffed	21
7728	confusing	99
7735	whatnot	27
7739	advantage	138
7741	backlog	26
7759	phinney	47
7765	farther	83
7766	runner	27
7769	equity	73
7776	peach	23
7777	motherfucker	32
7778	thoroughly	36
7788	survey	95
7790	custody	26
7796	expanding	56
7806	upcoming	59
7809	sasquatch	23
7822	referral	31
7828	stepping	26
7830	steam	33
7837	sponsored	34
7838	recruiting	22
7839	inspector	35
7856	adequately	30
7858	overcome	29
7859	collectively	25
7860	exploring	30
7861	explore	61
7863	layout	40
7866	hiked	22
7869	inner	56
7873	bailey	41
7876	canceled	35
7881	toast	40
7882	oaxaca	23
7886	avoiding	40
7901	lifted	29
7904	flower	59
7910	clinton	87
7923	deliver	88
7925	certainty	28
7926	seismic	24
7928	contractor	175
7942	insist	26
7943	interurban	22
7948	dramatic	44
7953	ultimate	41
7956	mutually	28
7959	attracts	26
7960	provides	96
7962	played	63
7966	marking	20
7969	preventing	47
7972	carpool	76
7978	highland	28
7982	wagon	20
7991	walker	35
7998	symptom	34
8002	halfway	47
8004	kitty	38
8006	annoyance	23
8008	director	58
8013	navigate	28
8018	trunk	34
8019	proceeds	27
8023	mirror	38
8028	potato	56
8031	shaking	52
8035	highrise	32
8042	filing	21
8045	wrecked	24
8046	turnover	42
8048	rated	35
8056	gallery	21
8057	quieter	22
8061	chuck	51
8063	pallet	20
8065	fortunately	28
8067	hidden	45
8072	pedal	35
8084	treasure	25
8087	sacramento	20
8094	paging	31
8098	october	101
8103	hempfest	26
8106	exclusively	43
8109	fought	23
8116	blood	48
8123	jumper	20
8125	responder	30
8131	timer	29
8135	infamous	22
8141	breathe	22
8142	breath	45
8143	painful	26
8144	indicator	38
8147	detention	21
8151	graph	25
8152	diagram	25
8154	brighter	28
8162	15hour	22
8169	developing	37
8179	flipped	56
8182	runoff	21
8185	smooth	46
8186	crawl	23
8192	raging	30
8195	attractive	36
8199	amongst	24
8202	lynch	30
8212	steady	56
8215	ivars	20
8231	welcoming	20
8236	importantly	50
8238	vashon	53
8239	glacier	34
8242	dated	34
8256	detailed	65
8260	laying	59
8261	remembered	35
8264	innout	41
8269	boundary	45
8270	1950s	20
8274	2000s	47
8280	hiker	31
8283	streetcar	223
8288	marta	23
8293	interchange	31
8296	underfunded	47
8299	jayapal	25
8304	wired	28
8309	minivan	23
8317	statute	28
8319	applicable	28
8320	sexually	20
8335	instinct	32
8343	commitment	55
8344	measurement	21
8345	ianal	20
8348	trans	102
8349	accountable	68
8353	reliability	40
8355	unaware	31
8359	slows	23
8361	stare	28
8368	civic	20
8372	ordinary	25
8373	escort	31
8378	inflammatory	25
8380	settling	21
8382	asset	70
8394	pictured	24
8398	disappeared	21
8405	suspicious	31
8407	dispatcher	24
8408	continuously	25
8423	drank	20
8424	edmonds	80
8425	brewery	157
8426	reflects	34
8435	barnett	23
8436	distribute	20
8437	clause	32
8438	accent	22
8443	cuisine	26
8462	smelled	25
8465	ucareless	45
8472	courtesy	34
8478	deluxe	23
8481	uphill	36
8484	survival	39
8493	precinct	107
8496	honey	30
8505	strain	45
8510	signing	53
8519	tight	42
8520	widen	28
8524	northeast	41
8533	resume	58
8544	crashed	27
8551	repeal	21
8555	trophy	32
8558	checkpoint	30
8560	steer	23
8562	infected	20
8568	ensuring	20
8578	vital	21
8580	subjective	20
8582	kansa	41
8583	eymans	39
8585	generated	20
8602	hollywood	24
8610	tasting	29
8614	assist	33
8625	exposed	54
8630	indiana	26
8634	award	35
8637	drawbridge	40
8643	relocate	39
8646	nefarious	20
8652	maximize	27
8653	anchor	52
8656	octopus	22
8660	broadband	99
8665	unmarked	54
8667	luggage	45
8669	evicted	33
8671	mercedes	24
8672	objection	27
8684	overhead	57
8700	assigned	55
8702	departure	30
8711	zoned	76
8712	interbay	47
8713	junction	62
8717	bakery	45
8722	breakfast	71
8728	elite	25
8732	knocking	28
8743	needing	80
8746	massage	20
8747	therapist	42
8755	hotspot	29
8756	leavenworth	28
8758	heater	31
8760	bureaucracy	37
8761	involving	50
8762	establish	33
8765	downside	41
8770	diego	30
8784	misinformation	28
8785	fearmongering	23
8792	benign	21
8801	approved	108
8802	excise	54
8807	termination	22
8808	eviction	58
8811	doable	43
8815	alliance	27
8832	elliott	44
8839	adopt	24
8846	adopted	29
8848	compliance	46
8853	secretary	42
8859	satisfaction	25
8865	kingdom	20
8868	popcorn	29
8876	trapped	36
8884	flexible	20
8887	whiskey	34
8908	applicant	53
8910	interviewed	44
8912	admitted	55
8915	nickel	32
8916	good2go	28
8917	financing	25
8921	fallen	25
8924	ferris	24
8930	cater	26
8931	touristy	20
8943	macys	22
8955	exciting	67
8956	headlight	124
8960	thanksgiving	46
8966	principal	30
8970	husky	74
8972	texan	36
8978	robert	23
8980	cruise	41
8985	confident	25
8992	blackberry	49
8999	rainfall	26
9000	northern	83
9006	tyranny	21
9008	ignores	22
9011	valve	31
9032	istanbul	23
9051	recruiter	20
9057	sketchy	129
9063	wholly	20
9077	vaguely	20
9080	converted	22
9082	separated	90
9085	digging	120
9087	substitute	21
9095	graham	25
9103	stomach	24
9107	raining	40
9109	organizer	32
9112	affordability	24
9113	athletics	22
9117	celebration	38
9127	cooked	20
9128	solstice	37
9144	router	43
9146	brand	75
9149	debit	29
9152	launched	33
9153	missile	35
9162	nightlife	42
9163	wedge	21
9171	conflicted	23
9179	sneak	27
9181	studded	38
9183	smith	69
9187	envelope	25
9204	thereby	29
9206	migration	29
9211	shove	29
9212	alternatively	24
9217	anacortes	26
9218	oneway	70
9224	identical	39
9233	unbelievable	21
9236	colder	20
9252	zipper	74
9254	issaquah	70
9272	cherry	55
9275	unlimited	50
9283	steering	38
9288	ghost	45
9289	crisis	121
9292	busting	21
9293	voucher	64
9311	vacancy	45
9316	clinic	53
9319	randomly	71
9320	micro	47
9328	irish	21
9333	pilot	105
9335	mississippi	44
9336	visual	24
9338	interior	42
9342	forecast	41
9349	scumbag	24
9352	hotline	22
9353	rideshares	22
9354	fraud	69
9358	meyer	61
9363	arterials	39
9364	pikepine	29
9369	rainy	94
9374	stoplight	26
9377	twenty	47
9381	tractor	27
9386	drain	40
9389	highline	28
9399	attendant	20
9406	preferred	58
9418	rapidride	62
9422	boarding	74
9424	tolling	138
9435	liable	33
9437	russell	22
9438	determining	24
9443	hardware	42
9444	newly	39
9447	turnout	40
9448	precisely	36
9459	traumatic	22
9466	petty	24
9470	hardest	35
9473	railroad	27
9478	trolleybus	20
9485	anecdotal	59
9495	considers	33
9498	henry	24
9502	130th	27
9505	atgrade	29
9506	incompetence	23
9515	taxing	26
9535	trespass	27
9540	networking	22
9545	silicon	25
9548	heavier	23
9568	expenditure	31
9571	king5	34
9575	september	66
9578	charter	35
9585	mechanical	23
9587	crossed	37
9593	toyota	22
9596	occupant	39
9604	completion	40
9610	depressing	21
9612	prepare	43
9627	capture	66
9633	assessed	26
9634	junior	20
9646	fauntleroy	23
9649	overlap	26
9651	bottleneck	30
9655	african	46
9658	invisible	49
9659	shuts	33
9661	instantly	28
9664	emotional	27
9666	internment	25
9667	spirit	42
9673	waffle	46
9685	fleeing	23
9687	enacted	22
9692	doomed	24
9696	amusing	30
9713	threshold	24
9717	exceptional	30
9726	improved	52
9732	northsouth	36
9734	bruce	23
9742	rebuild	54
9745	meager	31
9747	hockey	35
9754	replacement	48
9756	aftermath	25
9765	burst	23
9774	advisory	25
9776	inslee	48
9785	chatting	20
9788	closure	66
9796	hometown	30
9800	lacking	44
9805	taxable	23
9810	listener	26
9814	berthas	21
9828	outbid	21
9832	promotes	25
9834	artisanal	24
9843	cancel	28
9844	explicit	31
9851	mudede	29
9860	precise	29
9861	volume	72
9864	winwin	26
9865	netflix	41
9884	reader	70
9888	overlooked	20
9890	pricey	34
9891	coupled	25
9902	dictate	23
9909	endorsed	22
9910	goodspaceguy	35
9911	larry	25
9915	shortage	46
9925	retailer	35
9933	winery	24
9951	settlement	68
9955	aluminum	21
9958	static	20
9960	outstanding	42
9964	skyrocketing	34
9991	stranded	25
10007	happier	32
10011	mattress	33
10023	daytime	36
10032	musician	22
10045	consult	20
10048	architect	40
10049	liability	68
10059	hassle	76
10061	airbnb	75
10064	distributed	36
10067	drizzle	37
10083	frequency	36
10089	installing	31
10090	volunteering	26
10091	rehab	39
10093	wander	43
10097	column	41
10098	supplier	40
10099	recognition	37
10101	surge	33
10106	sideways	21
10108	sharp	34
10122	external	45
10123	clickbait	23
10126	ulink	40
10127	tunneling	41
10134	encampment	66
10138	overcast	48
10141	qualification	26
10150	alaskan	48
10169	latter	62
10172	townhouses	29
10193	speaks	27
10195	skinny	42
10196	insert	23
10202	bound	40
10215	evenly	20
10216	rainforest	25
10226	litter	24
10244	concluded	22
10258	framed	25
10259	controversial	23
10280	candle	24
10286	crystal	27
10296	investigate	50
10318	infill	23
10329	messed	29
10335	safest	42
10344	funky	27
10349	fiscal	30
10356	notify	22
10360	processing	20
10395	shuttle	35
10407	craftsman	24
10412	mohai	23
10416	madness	27
10417	announcement	55
10419	intern	66
10432	tiger	29
10436	trauma	30
10454	expertise	21
10456	niche	31
10483	idling	27
10499	mailing	26
10513	harborview	46
10514	swedish	29
10520	ranking	36
10526	alleged	37
10542	leased	21
10544	conduit	24
10555	sober	28
10565	sounded	21
10582	returning	30
10583	thrust	24
10589	diner	23
10598	condointernet	29
10604	locking	35
10611	emotionally	29
10620	tavern	63
10624	tearing	31
10640	honked	25
10651	baggage	27
10652	condolence	34
10654	vending	23
10663	waiver	21
10666	generator	27
10669	shortfall	40
10680	rideshare	28
10682	ridesharing	25
10694	islander	22
10708	caput	33
10717	ancient	20
10726	hallway	32
10734	thick	54
10737	transferring	23
10738	sdots	23
10743	steve	43
10747	borderline	20
10748	wsdots	24
10751	manslaughter	25
10757	reign	27
10759	uberx	29
10808	vision	31
10810	remainder	21
10830	overturned	28
10832	swerve	24
10850	endorsement	30
10852	coincidence	34
10862	hospitality	22
10868	skiing	31
10878	selected	33
10884	banana	31
10887	jurisdiction	28
10890	aerospace	21
10898	advise	22
10902	squeeze	40
10904	honda	32
10912	respondent	23
10915	constrained	20
10917	fluid	27
10928	donut	44
10932	identification	26
10936	volunteered	25
10951	comet	57
10952	legendary	20
10955	cooky	23
10972	borrow	27
10991	shave	22
10993	radius	28
10996	batch	40
11006	waitress	43
11007	competent	35
11020	curve	38
11024	ballarduw	20
11035	situational	20
11044	ubers	24
11053	eastlake	49
11055	combo	35
11063	interestingly	24
11092	operates	28
11094	thankful	28
11109	cotton	21
11119	workplace	33
11129	rebuilding	22
11145	heated	31
11157	coordinate	21
11167	pothole	49
11175	appointed	28
11183	intend	36
11194	requesting	24
11201	headway	27
11202	nonemergency	43
11211	20mph	21
11218	dashcam	29
11222	optimistic	30
11224	miami	46
11233	apocalypse	20
11249	expired	47
11257	fuckup	20
11260	onramps	24
11269	summed	20
11278	beggar	21
11292	skyscraper	39
11313	tract	20
11333	timing	45
11353	jungle	97
11358	robust	34
11373	pamphlet	23
11383	segment	62
11390	towing	46
11393	detour	31
11396	grabbed	44
11412	noting	44
11416	uvillage	22
11417	plaza	36
11446	nextdoor	61
11454	counseling	46
11473	joining	51
11483	happiness	20
11485	elevated	75
11488	terrified	45
11499	proceeding	42
11506	sixty	20
11512	facilitate	23
11545	ordeal	27
11548	constructed	22
11558	lender	20
11563	tripping	21
11570	cinnamon	20
11572	atmosphere	39
11574	remote	30
11593	stalled	22
11609	transferred	23
11615	yikes	26
11631	cougar	21
11636	ripped	32
11645	boulevard	22
11679	goofy	22
11710	coding	32
11711	squatter	38
11712	sucked	30
11720	sends	26
11727	dealership	47
11731	forbidden	33
11742	carpooling	31
11749	sought	21
11761	farming	27
11780	puyallup	64
11783	divorce	29
11787	sailor	24
11813	vibrant	28
11817	boarded	23
11824	favorable	27
11848	deter	27
11856	lodge	20
11869	audit	36
11873	resign	22
11901	scout	50
11902	stake	29
11914	caucus	232
11916	delegate	185
11936	harper	38
11937	defendant	36
11963	integration	23
11965	brouwers	23
11979	propane	22
11980	authorization	20
11998	cooling	20
12019	promptly	27
12026	shilshole	24
12040	rooster	25
12043	cough	57
12053	southwest	35
12056	rainer	27
12059	trick	49
12068	ingres	24
12075	mindset	38
12079	occupation	26
12085	broker	23
12089	pigeon	23
12091	20000	20
12111	blinker	47
12132	demolition	30
12133	distinct	38
12149	prospective	27
12150	littering	32
12229	tricky	41
12237	hauling	21
12238	sorting	23
12245	rabbit	25
12254	stall	73
12264	pending	25
12282	littered	21
12296	kiosk	27
12321	carrot	20
12324	imagining	26
12345	indefinitely	23
12361	conviction	60
12363	unlawful	46
12374	imagined	22
12398	prostitute	57
12405	popped	33
12407	staffing	29
12412	realistically	43
12417	frugal	33
12418	diving	24
12419	motel	34
12428	bloom	21
12432	sally	25
12434	patience	30
12439	relaxed	24
12446	resulting	49
12447	grunge	31
12454	mechanic	38
12455	postmates	61
12464	sweaty	30
12475	admits	22
12486	chamber	48
12496	storefront	20
12499	goodtogo	47
12509	denser	45
12537	firefighter	28
12547	gentleman	29
12550	passport	33
12552	staple	33
12574	default	40
12575	townhouse	29
12610	neptune	24
12612	parenting	22
12616	minnesota	52
12622	lawfully	22
12650	kubly	37
12658	upload	32
12671	billed	31
12672	outofstate	20
12673	superdelegates	33
12703	psychiatric	20
12706	medicaid	27
12726	manhattan	34
12750	victoria	29
12765	charlotte	22
12775	shaken	20
12806	educational	36
12822	internally	23
12839	subsequent	35
12847	concession	28
12866	acquisition	29
12889	russia	30
12892	timeline	105
12901	sponsor	55
12903	terminated	26
12919	naval	24
12925	appointment	44
12937	nightly	21
12952	feces	30
12971	cottage	21
12992	bracket	39
13002	salon	45
13014	passage	35
13016	insisted	27
13017	designer	51
13053	interim	27
13110	pleasure	53
13113	sammamish	28
13131	optional	41
13158	opted	32
13173	graduation	42
13224	doubled	57
13245	calculate	25
13287	grease	20
13288	doubling	26
13295	squat	31
13328	geographic	32
13334	census	41
13350	crust	22
13353	bagel	29
13366	assignment	25
13374	untreated	20
13389	baked	31
13422	foolish	25
13429	powder	30
13437	sumner	21
13440	asleep	42
13474	pressed	37
13507	undergrad	31
13521	extending	29
13522	temporarily	25
13534	mosquito	29
13539	mellow	20
13547	murphy	22
13560	theatre	27
13570	airplane	82
13585	prohibited	25
13651	southeast	25
13659	featured	32
13672	siding	29
13690	referencing	22
13711	topping	26
13715	varies	25
13716	amazingly	27
13734	enabled	23
13757	smoothly	32
13759	builder	53
13760	kingdome	29
13762	subsidy	38
13763	greenway	22
13817	oriented	29
13848	camped	22
13891	pampr	23
13902	waterway	29
13907	subarus	20
13914	obstructing	24
13943	runway	32
13947	setback	20
13948	townhomes	20
13957	worklife	38
13973	negligence	49
13983	denver	43
13994	lowered	32
13997	tactical	21
14004	buffet	31
14080	criminally	26
14162	indicated	34
14172	construct	20
14201	dairy	20
14205	exaggeration	21
14210	microhousing	46
14228	onebusaway	38
14230	downhill	57
14281	verification	22
14305	leftover	21
14337	skipped	34
14347	evaluation	39
14364	subarea	52
14394	headache	27
14402	speculative	22
14425	championship	46
14454	motive	27
14463	achievement	29
14475	electorate	20
14495	remodel	22
14522	ellensburg	23
14528	thunderstorm	37
14562	desert	27
14622	wholeheartedly	22
14632	sworn	24
14643	dragon	32
14645	gradeseparated	20
14660	sorely	20
14667	exhibit	27
14741	prosecute	30
14743	optimism	20
14747	elysian	35
14775	pressured	22
14803	washingtonian	34
14882	pittsburgh	20
14906	tipped	61
14921	reliably	27
14939	seward	23
14955	factually	27
14962	conducted	33
14980	incorporated	24
14981	cooler	52
15014	juans	22
15072	scammer	31
15086	disposal	29
15097	traction	35
15112	portal	30
15118	wished	22
15131	attire	22
15191	glenn	35
15196	directing	22
15208	hostel	20
15215	busonly	26
15264	shaft	20
15269	bollard	20
15311	rundown	20
15427	twisted	21
15430	gained	23
15470	breach	20
15481	hillside	20
15497	etiquette	46
15533	greyhound	27
15560	dessert	24
15568	alignment	39
15596	mushroom	22
15598	phased	23
15604	retrofit	26
15620	equitable	20
15629	outline	20
15672	staggering	24
15713	columbus	32
15739	contracted	22
15743	coolest	21
15846	puddle	29
15874	eliminates	21
15924	yielding	25
15952	cinerama	25
15997	purchaser	21
16061	breeze	22
16124	brian	23
16139	lifeguard	22
16179	accurately	21
16211	mcdermott	22
16216	boeings	22
16278	featuring	23
16308	eastbound	37
16373	fridge	22
16547	scoop	25
16690	titty	20
16755	johnson	42
16856	caffeine	20
16928	forwardthinking	21
17018	achieving	20
17087	memorial	66
17117	tournament	22
17253	cattle	36
17304	waterproof	21
17317	seawall	28
17323	concentration	24
17461	enumclaw	22
17467	casino	30
17485	generates	27
17486	advertised	33
17590	recovery	33
17618	plumber	21
17653	vehicular	31
17657	monson	24
17734	bandwidth	22
17745	pinky	40
17755	distributor	33
17942	jewelry	23
17946	lightning	28
18052	nicotine	27
18054	onstreet	21
18068	bourbon	22
18543	glowing	21
18860	airbus	20
19128	tracy	20
19294	subduction	28
19360	tater	20
19443	paine	27
19586	lawless	20
19667	eastwest	35
19696	daniel	23
19795	disciplinary	27
20144	criticized	23
20243	walla	32
20348	neutrality	20
20862	grating	20
21522	gondola	22
22143	lynwood	22
22587	bagshaw	28
22981	electoral	33
23345	cursive	25
23594	decibel	20
23679	rancher	33
23709	greenwald	36
24860	ebola	26
26094	motorcade	20
